Lalitavajra,
Nags kyi rin chen,ནགས་ཀྱི་རིན་ཆེན
Ḍomi pa,
Dgra las rgyal ba,དགྲ་ལས་རྒྱལ་བ
Dpal kāca,
Kambala,
Don yod rdo rje,དོན་ཡོད་རྡོ་རྗེ
Mar me mdsad dpal ye shes、Legs pa'i shes rab,མར་མེ་མཛད་དཔལ་ཡེ་ཤེས、ལེགས་པའི་ཤེས་རབ
Jetāri dgra las rnam par rgyal ba,ཇེཏāརི་དགྲ་ལས་རྣམ་པར་རྒྱལ་བ
Ashoka,
Mitrayogin,
Lhan gcig skyes pa,ལྷན་གཅིག་སྐྱེས་པ
Pāṇini,
Dga' byed snyan pa,དགའ་བྱེད་སྙན་པ
Kumuda 'byung gnas blo gros,ཀུམུད་འབྱུང་གནས་བློ་གྲོས
Gshan la phan pa (Parahita),གཤན་ལ་ཕན་པ ༼པརཧིཏ༽
Amoghanātha,
Padma rdo rje,པདྨ་རྡོ་རྗེ
Telo pa,ཏེལོ་པ
Sangs rgyas bskyangs,སངས་རྒྱས་བསྐྱངས
Ska ba dpal brtsegs,སྐ་བ་དཔལ་བརྩེགས
Tathāgatarakṣita,
Gshon nu zla ba,གཤོན་ནུ་ཟླ་བ
Tathāgatavajra,
Gser gling ba,གསེར་གླིང་བ
Rnyog med rdo rje,རྙོག་མེད་རྡོ་རྗེ
Kun phan bdud rtsi sbyin (Sarva hitāmṛtadatta),ཀུན་ཕན་བདུད་རྩི་སྦྱིན
Dharmakīrti,
Kujī pa,
Rin chen 'byung gnas sbas pa,རིན་ཆེན་འབྱུང་གནས་སྦས་པ
'gro,འགྲོ
Ye shes sde,ཡེ་ཤེས་སྡེ
Klu sgrub或Dge 'dun bzang po (k),ཀླུ་སྒྲུབ དགེ་འདུན་བཟང་པོ ༼ཀ༽
Gang ba'i zla ba,གང་བའི་ཟླ་བ
shrīvajradeva,
Blo brtan,བློ་བརྟན
dharmakīrti,
Dharmashrī ?,
shrīphalavajra,
'jam pa'i dbyangs,འཇམ་པའི་དབྱངས
Dgra las rnam par rgyal ba,དགྲ་ལས་རྣམ་པར་རྒྱལ་བ
Padma dbyangs,པདྨ་དབྱངས
Rnam par rgyal ba'i dbang po'i sde,རྣམ་པར་རྒྱལ་བའི་དབང་པོའི་སྡེ
Dbyig pa can (Daṇḍin),དབྱིག་པ་ཅན ༼དṇḍཨིན༽
Jnyāna,
Abhayākaragupta,
Manyjuvajra,
Lhan cig skyes pa rol pa,ལྷན་ཅིག་སྐྱེས་པ་རོལ་པ
Bcom ldan 'das,བཅོམ་ལྡན་འཛ
Nag mo khol (Kālidāsa),ནག་མོ་ཁོལ ༼ཀāལིདāས༽
Bram ze bsod snyoms pa,བྲམ་ཟེ་བསོད་སྙོམས་པ
Lilā pa,
Blo bzang ngang tshul,བློ་བཟང་ངང་ཚུལ
Dul ba lha (Vinītadeva),དུལ་བ་ལྷ ༼བི༹ནīཏདེབ༹༽
Rngon pa ba,རྔོན་པ་བ
Dpal sbas,དཔལ་སྦས
Legs pa'i grags pa,ལེགས་པའི་གྲགས་པ
Thig le bum pa,ཐིག་ལེ་བུམ་པ
Mi bskyod rdo rje,མི་བསྐྱོད་རྡོ་རྗེ
Abhayākara,
Byang chub sems dpa',བྱང་ཆུབ་སེམས་དཔའ
Zla ba grags pa,ཟླ་བ་གྲགས་པ
Rtag pa'i rdo rje,རྟག་པའི་རྡོ་རྗེ
Phyag na rdo rje,ཕྱག་ན་རྡོ་རྗེ
Zla ba,ཟླ་བ
Jnyānaparama,
Thu bo rājahasti,
Nag po,ནག་པོ
Ri khrod dbang phyug,རི་ཁྲོད་དབང་ཕྱུག
Nilakhandha,
Dgra las rgyal ba gsang ba,དགྲ་ལས་རྒྱལ་བ་གསང་བ
Skal ba bzang po'i rdo rje,སྐལ་བ་བཟང་པོའི་རྡོ་རྗེ
Chos kyi grags pa,ཆོས་ཀྱི་གྲགས་པ
Ma gcig grub pa'i rgyal mo,མ་གཅིག་གྲུབ་པའི་རྒྱལ་མོ
Gālandhara,
Kukuri pa,ཀུཀུརི་པ
Yid bshin nor bu'i rgyal po,ཡིད་བཤིན་ནོར་བུའི་རྒྱལ་པོ
Rgya mtsho sprin,རྒྱ་མཚོ་སྤྲིན
nyi ma'i snying po,ཉི་མའི་སྙིང་པོ
Dpal bzang rab dga',དཔལ་བཟང་རབ་དགའ
Rta dbyangs,རྟ་དབྱངས
shraddhākaravarma,
Padma,པདྨ
Paṁkala,
Rin chen 'byung gnas shi ba,རིན་ཆེན་འབྱུང་གནས་ཞི་བ
Rdon pa ba chen po,རྡོན་པ་བ་ཆེན་པོ
Kalaka pa,
shubhākara,
Ting nge 'dsin rdo rje,ཏིང་ངེ་འཛིན་རྡོ་རྗེ
Rab 'byor bskyangs,རབ་འབྱོར་བསྐྱངས
Kamalashīla,
'od srung gshon nu,འོད་སྲུང་གཤོན་ནུ
Prashāstrasena,
Shi ba'i bshes gnyen,ཞི་བའི་བཤེས་གཉེན
Ye shes rin po che,ཡེ་ཤེས་རིན་པོ་ཆེ
Kangkalamekala,
Vimala,
'jigs med 'byung gnas sbas pa,འཇིགས་མེད་འབྱུང་གནས་སྦས་པ
Māṁ hi ka wi (?),
Ratnākarashānti pa,
Ri khrod chen po,རི་ཁྲོད་ཆེན་པོ
Dpal ye shes或Padma rdo rje,དཔལ་ཡེ་ཤེས པདྨ་རྡོ་རྗེ
Smṛtijnyānakīrti,
Bde ba'i rdo rje,བདེ་བའི་རྡོ་རྗེ
Bde ba chen po'i rdo rje,བདེ་བ་ཆེན་པོའི་རྡོ་རྗེ
Mi 'jigs pa'i phyag,མི་འཇིགས་པའི་ཕྱག
Dus 'khor shabs pa,དུས་འཁོར་ཤབས་པ
Gnyis su med pa'i rdo rje,གཉིས་སུ་མེད་པའི་རྡོ་རྗེ
Zab ba'i rdo rje,ཟབ་བའི་རྡོ་རྗེ
Kalyāṇamitra,
Mkha' 'gro ma ni ga ma,མཁའ་འགྲོ་མ་ནི་ག་མ
Dkon mchog gsum gyi 'bangs (Tri ratnadāsa),དཀོན་མཆོག་གསུམ་གྱི་འབངས ༼ཏྲི་རཏནདāས༽
Kerali,
Shi gnas lha,ཤི་གནས་ལྷ
Tshul khrims rin chen dbyangs can snyems pa'i lang tsho'i sde,ཚུལ་ཁྲིམས་རིན་ཆེན་དབྱངས་ཅན་སྙེམས་པའི་ལང་ཚོའི་སྡེ
Bdhisattva,
Rgyan pa,རྒྱན་པ
Bhago,བྷགོ
Rdo rje padma,རྡོ་རྗེ་པདྨ
Bodhigarbha,
'phags pa dpa' bo,འཕགས་པ་དཔའ་བོ
Mtho btsun grub rje,མཐོ་བཙུན་གྲུབ་རྗེ
Dge 'dun 'phel,དགེ་འདུན་འཕེལ
Rtsa mi sangs rgyas grags pa,རྩ་མི་སངས་རྒྱས་གྲགས་པ
shīlasambhava集,
Rigs kyis byin,རིགས་ཀྱིས་བྱིན
Rab tu dga' ba'i rdo rje,རབ་ཏུ་དགའ་བའི་རྡོ་རྗེ
Sarahita,
Kṛṣṇavajra,
Dbus pa blo ldan,དབུས་པ་བློ་ལྡན
Bānggaja,
Avadhūti gnyis med rdo rje,ཨབ༹དྷūཏི་གཉིས་མེད་རྡོ་རྗེ
nyi ma pa,ཉི་མ་པ
Kaṁpala,
Gzugs bzang,གཟུགས་བཟང
Dbu ma'i seng ge,དབུ་མའི་སེང་གེ
Jayasena,
Kedharaṇadhi,
Kha che'i paṇ chen,ཁ་ཆེའི་པṇ་ཆེན
Rgyal dka' zla ba,རྒྱལ་དཀའ་ཟླ་བ
Spyan gzigs dbang phyug,སྤྱན་གཟིགས་དབང་ཕྱུག
Hruṁ mdsad rdo rje,ཧྲུṁ་མཛད་རྡོ་རྗེ
Klu sgrub,ཀླུ་སྒྲུབ
nyi ma dpal ye shes,ཉི་མ་དཔལ་ཡེ་ཤེས
Prajnyāguru,
Dīpaṁkara,
Jayavarma,
Grags pa bshes gnyen (Yashomitra),གྲགས་པ་བཤེས་གཉེན ༼ཡཤོམིཏྲ༽
Rdo rje grub pa,རྡོ་རྗེ་གྲུབ་པ
Jālandhari,
Dri med bshes gnyen,དྲི་མེད་བཤེས་གཉེན
Jnyānashrīmitra,
Bhakhana,
Sgrol ba'i dbang phyug,སྒྲོལ་བའི་དབང་ཕྱུག
Nag po ba,ནག་པོ་བ
Nag pa,ནག་པ
Dpa' bo (?),དཔའ་བོ ༼?༽
shākyashrībhadra,
Snyan grags bzang po,སྙན་གྲགས་བཟང་པོ
Mya ngan med pa'i dpal,མྱ་ངན་མེད་པའི་དཔལ
Tshul khrims 'phags pa,ཚུལ་ཁྲིམས་འཕགས་པ
[Dānadāsa],
shākyamitra,
Ayogin,
Campaka,
Dri med grags pa,དྲི་མེད་གྲགས་པ
Kṛṣṇa paṇḍit,
Ye shes dpal bzang po (Jnyānashrībhadra),ཡེ་ཤེས་དཔལ་བཟང་པོ ༼ཇཉāནཤརīབྷདྲ༽
Blo gros bzang po,བློ་གྲོས་བཟང་པོ
Tshul khrims bskyangs,ཚུལ་ཁྲིམས་བསྐྱངས
Rdo rje mtshon cha,རྡོ་རྗེ་མཚོན་ཆ
Legs ldan 'byed,ལེགས་ལྡན་འབྱེད
Mekola,
Dpal,དཔལ
Dge 'dun byin gyi bu,དགེ་འདུན་བྱིན་གྱི་བུ
Sangs rgyas gsong ba,སངས་རྒྱས་གསོང་བ
Dus kyi 'khor lo,དུས་ཀྱི་འཁོར་ལོ
Dgra las rnam par rgyal ba,དགྲ་ལས་རྣམ་པར་རྒྱལ་བ
Cito,
Mdses bkod,མཛེས་བཀོད
Lhan skyes sgegs pa,ལྷན་སྐྱེས་སྒེགས་པ
Rnam par snang mdsad srung ba,རྣམ་པར་སྣང་མཛད་སྲུང་བ
Dgra las rgyal ba,དགྲ་ལས་རྒྱལ་བ
Naropa,
Kanthāri,
Ri khrod shabs,རི་ཁྲོད་ཤབས
Lhan cig skyes pa'i rol pa,ལྷན་ཅིག་སྐྱེས་པའི་རོལ་པ
Sprin gyi bshon pa'i lha,སྤྲིན་གྱི་བཤོན་པའི་ལྷ
Rnyog pa med pa,རྙོག་པ་མེད་པ
Mchog sred,མཆོག་སྲེད
Stong pa nyid kyi ting nge 'dsin rdo rje,སྟོང་པ་ཉིད་ཀྱི་ཏིང་ངེ་འཛིན་རྡོ་རྗེ
Shi ba'i snying po,ཞི་བའི་སྙིང་པོ
Ḍambi heruka,
Byang chub rdo rje,བྱང་ཆུབ་རྡོ་རྗེ
Gnyis skyes srung ba,གཉིས་སྐྱེས་སྲུང་བ
shilāli,
Tshangs sras bshad pa'i rdo rje (Brahmaputra hasavajra),ཚངས་སྲས་བཤད་པའི་རྡོ་རྗེ
Kodhali,
candragomin,
Birba pa (Virūpa),
Zla mdses,ཟླ་མཛེས
Dga' rab rdo rje,དགའ་རབ་རྡོ་རྗེ
Spyod pa nag po ba,སྤྱོད་པ་ནག་པོ་བ
nyi ma sbas pa,ཉི་མ་སྦས་པ
Kukurāja,
Ḍombi pa,
'gro ba'i me long,འགྲོ་བའི་མེ་ལོང
Padma'i myu gu rdo rje,པདྨའི་མྱུ་གུ་རྡོ་རྗེ
Jnyānamitra,
Ajitamitragupta,
Blo gros brtan pa,བློ་གྲོས་བརྟན་པ
Culiki,
Snyan grags bzang po(K),སྙན་གྲགས་བཟང་པོ༼ཀ༽
Abhiyukta,
Umāpatidatta,
Dhetana,
Vidyākaraprabha,
Ye shes zla ba,ཡེ་ཤེས་ཟླ་བ
Chos kyi dbang po,ཆོས་ཀྱི་དབང་པོ
Blo bzang seng ge,བློ་བཟང་སེང་གེ
Sonashrī,
Lhan cig skyes pa'i rol pa,ལྷན་ཅིག་སྐྱེས་པའི་རོལ་པ
ngo bo nyid med pa,ངོ་བོ་ཉིད་མེད་པ
Rgyal bu sprin gyi shugs can,རྒྱལ་བུ་སྤྲིན་གྱི་ཤུགས་ཅན
Jetari,
Manyjushrījnyāna,
shrīvirūpa,
Sādhuputra,
shrījaganmitra,
Rgyal ba'i sde,རྒྱལ་བའི་སྡེ
Dhokari,
Vishvāmitra,
Rin chen rdo rje,རིན་ཆེན་རྡོ་རྗེ
Seng ge bzang po (Haribhadra),སེང་གེ་བཟང་པོ ༼ཧརིབྷདྲ༽
Lha spas,ལྷ་སྤས
[Candragomin?],
Parahita,
Prajnyākara,
Carppati,
Rgyal ba bzang po dpal sbas pa,རྒྱལ་བ་བཟང་པོ་དཔལ་སྦས་པ
Bde bar gshegs pa bcu gnyis,བདེ་བར་གཤེགས་པ་བཅུ་གཉིས
Chos kyi shabs,ཆོས་ཀྱི་ཤབས
Dge ba lha,དགེ་བ་ལྷ
Byang chub mchog,བྱང་ཆུབ་མཆོག
Tog rtse ba,ཏོག་རྩེ་བ
Sādhuputra dpal 'dsin dga' ba,སāདྷུཔུཏྲ་དཔལ་འཛིན་དགའ་བ
shrīsiddhi,
Dge ba'i dbang po (Kṣemendra),དགེ་བའི་དབང་པོ ༼ཀṣཨེམེནདྲ༽
Jalandhara,
Dga' ba'i dpal (N),དགའ་བའི་དཔལ ༼ན༽
Vasudavajra,
Gser gling pa,གསེར་གླིང་པ
Kāyastha bgres po,
Rta dbyangs ,རྟ་དབྱངས་
Nairiti pa,
Sabari ba,
Kampala'i yum,
Ratnarakṣita,
Mi pham pa'i bshes gnyen,མི་ཕམ་པའི་བཤེས་གཉེན
Jayānanda,
shālihotra,
Rdo rje mi bskyod pa,རྡོ་རྗེ་མི་བསྐྱོད་པ
Devacandra,
Rgyal po padma dkar po,རྒྱལ་པོ་པདྨ་དཀར་པོ
Jagattatāla gnas pa,
Shi ba 'tsho (shāntarakṣita),ཞི་བ་འཚོ
Devashānti,
'igs med 'byung gnas sras pa,འིགས་མེད་འབྱུང་གནས་སྲས་པ
Kun dga' snying po,ཀུན་དགའ་སྙིང་པོ
shākya bshes gnyen,ཤྰཀྱ་བཤེས་གཉེན
Zla ba la dga' ba (Candranandana),ཟླ་བ་ལ་དགའ་བ
Vajrapāṇi,
Buddhashrījnyāna,
Byang chub bzang po,བྱང་ཆུབ་བཟང་པོ
Jo bo drag 'byor,ཇོ་བོ་དྲག་འབྱོར
Mtsho skyes rdo rje,མཚོ་སྐྱེས་རྡོ་རྗེ
Kumāra,
Kusali pa,
Zla ba gshon nu,ཟླ་བ་གཤོན་ནུ
Anubhūti,
Vibhūticandra,
shrī umāpatidatta,
Mitrānanda,
Suvāgīshvarakīrti,
shāntadeva,
Kīrti,
Snang mdsad my gu,སྣང་མཛད་མྱུ་གུ
Sujayashrībhadra,
Dga' ba'i lha (Harṣadeva),དགའ་བའི་ལྷ ༼ཧརṣཨདེབ༹༽
Lhan cig skyes pa'i rdo rje,ལྷན་ཅིག་སྐྱེས་པའི་རྡོ་རྗེ
Phyogs kyi glang pa,ཕྱོགས་ཀྱི་གླང་པ
Kun spangs rdo rje,ཀུན་སྤངས་རྡོ་རྗེ
Rin chen rdo rje (K),རིན་ཆེན་རྡོ་རྗེ ༼ཀ༽
Jetāri pa,
nyi ma rnam par gnon pa,ཉི་མ་རྣམ་པར་གནོན་པ
Mi pham sbas pa,མི་ཕམ་སྦས་པ
Thogs med,ཐོགས་མེད
Hruṁ mdsad grags pa,ཧྲུṁ་མཛད་གྲགས་པ
Kāmadhenu pa,
Padma 'byung gnas,པདྨ་འབྱུང་གནས
Prajnyāsamudra,
shākya'i bshes gnyen,ཤྰཀྱའི་བཤེས་གཉེན
Puṇyashrīmitra,
Bhyari,
Ye shes grags pa,ཡེ་ཤེས་གྲགས་པ
Thogs med,ཐོགས་མེད
Rdo rje mkha' 'gro,རྡོ་རྗེ་མཁའ་འགྲོ
Jinamitra,
Tārāshrī,
Lūyi pa,
Dkon mchog 'bangs,དཀོན་མཆོག་འབངས
Rnam par grol ba'i sde (Vimmkta sena),རྣམ་པར་གྲོལ་བའི་སྡེ 
Mkha' 'gro ma,མཁའ་འགྲོ་མ
Dri med sbas pa (或Zla ba'i 'od、Rin chen rdo rje my gu),དྲི་མེད་སྦས་པ ༼或ཟླ་བའི་འོད、རིན་ཆེན་རྡོ་རྗེ་མྱུ་གུ༽
shabari dbang phyug,ཤབརི་དབང་ཕྱུག
'gro bzang snying po,འགྲོ་བཟང་སྙིང་པོ
Amogha chung ba,ཨམོགྷ་ཆུང་བ
shes rab go cha,ཤེས་རབ་གོ་ཆ
Skal bzang dga' ba,སྐལ་བཟང་དགའ་བ
Rdo rje gdan pa,རྡོ་རྗེ་གདན་པ
Rin chen 'byung gnas shi ba (Ratnā karashānti),རིན་ཆེན་འབྱུང་གནས་ཞི་བ
Vīryapāda,
Maṇivajra,
'gro bzangs snying po,འགྲོ་བཟངས་སྙིང་པོ
Devākaracandra,
Anantaparahita,
Srid gsum rnam par dag pa'i rdo rje,སྲིད་གསུམ་རྣམ་པར་དག་པའི་རྡོ་རྗེ
Dharmamitra,
Jamāri,
Bha pa,བྷ་པ
Bsod snyoms pa,བསོད་སྙོམས་པ
bhavyakīrti,
ngag gi dbang phyug grags pa,ངག་གི་དབང་ཕྱུག་གྲགས་པ
Zla ba'i 'od (或Rin chen rdo rje'i my gu),ཟླ་བའི་འོད ༼或རིན་ཆེན་རྡོ་རྗེའི་མྱུ་གུ༽
Mkhas pa rnams,མཁས་པ་རྣམས
Rab tu shi ba'i ye shes,རབ་ཏུ་ཞི་བའི་ཡེ་ཤེས
Sahajavilāsa,
Lakṣmīkara,
Lha'i rigs kyi blo gros chen po,ལྷའི་རིགས་ཀྱི་བློ་གྲོས་ཆེན་པོ
Tilli pa,
Dge srungs,དགེ་སྲུངས
Prabhākara,
Ashvakashrī,
Dgra las rgyal gsang ba,དགྲ་ལས་རྒྱལ་གསང་བ
Dpa' bos byin,དཔའ་བོས་བྱིན
shrījayasena,
Mchog sred,མཆོག་སྲེད
Ratnākarashānti,
Dharma pa,
Karo,
Herukavajra,
Dpal mo,དཔལ་མོ
Khri srong lde btsan,ཁྲི་སྲོང་ལྡེ་བཙན
Gshan la phan po'i dbyangs dgon pa,གཤན་ལ་ཕན་པོའི་དབྱངས་དགོན་པ
Lha'i brtul shugs,ལྷའི་བརྟུལ་ཤུགས
'jam dpal grags pa,འཇམ་དཔལ་གྲགས་པ
Thag nas,ཐག་ནས
Khyad par bshes gnyen,ཁྱད་པར་བཤེས་གཉེན
Spyod pa nag po pa,སྤྱོད་པ་ནག་པོ་པ
Dkon mchog 'byung gnas,དཀོན་མཆོག་འབྱུང་གནས
'jig rten gsum gyi rdo rje,འཇིག་རྟེན་གསུམ་གྱི་རྡོ་རྗེ
Candragomin,ཅནདྲགོམིན
Mi gnas rdo rje,མི་གནས་རྡོ་རྗེ
Khyad 'jug spas pa,ཁྱད་འཇུག་སྤས་པ
Dge legs bshes gnyen,དགེ་ལེགས་བཤེས་གཉེན
'od dpag med,འོད་དཔག་མེད
Dpal dbyangs,དཔལ་དབྱངས
Vairocana(?),
Maitri pa,
shrīratnākarashānti,
Dharamashrī(K),
Ye shes bzang po,ཡེ་ཤེས་བཟང་པོ
Candragomin'i gling pa,
Maṇikashrī,
Vīravajra,
Nāgārjuna,
Kokila,ཀོཀིལ
Dpal 'dsin,དཔལ་འཛིན
Jo bo rje,ཇོ་བོ་རྗེ
Thub pas byin,ཐུབ་པས་བྱིན
Girivata,
Naro pa,
Ratnākaragupta,
Jimuṭapātāla,
Vīryasiṁha,
Bhṛnggara,
Nag po rdo rje,ནག་པོ་རྡོ་རྗེ
Pūjāvajra,
Dpag med rdo rje,དཔག་མེད་རྡོ་རྗེ
Snyan grags dge ma,སྙན་གྲགས་དགེ་མ
Vitapāda,
Dpal 'dsin,དཔལ་འཛིན
Seng ge'i go cha (Harivarma),སེང་གེའི་གོ་ཆ
Kumārasena,
Rgyal dka' mi thob zla ba,རྒྱལ་དཀའ་མི་ཐོབ་ཟླ་བ
Kun dga' snying po(?),ཀུན་དགའ་སྙིང་པོ༼?༽
shangku,ཤངཀུ
Dge ba'i go cha,དགེ་བའི་གོ་ཆ
Camari,
Dad byed go chas,དད་བྱེད་གོ་ཆས
shāntirakṣita,
Dpa' bo rdo rje pa,དཔའ་བོ་རྡོ་རྗེ་པ
Sangs rgyas ye shes (Buddhajnyāna),སངས་རྒྱས་ཡེ་ཤེས
Bodhisattva,
Bde byed bdag po,བདེ་བྱེད་བདག་པོ
Navidharma,
Shi ba 'tsho,ཞི་བ་འཚོ
Ganggādhara,
Rdo rje snying po,རྡོ་རྗེ་སྙིང་པོ
Gsang bas byin,གསང་བས་བྱིན
shāntarakṣita,
Rgyal ba'i dbang po blo gros,རྒྱལ་བའི་དབང་པོ་བློ་གྲོས
Mahiman,
Smṛti,
Legs ldan 'byed,ལེགས་ལྡན་འབྱེད
Trisaraha pa,
Rab tu shi ba'i bshes gnyen,རབ་ཏུ་ཞི་བའི་བཤེས་གཉེན
Birba pa,
Dārika,
Dhokhindha,
Blo bzangs skyong,བློ་བཟངས་སྐྱོང
Prajnyendraruci,
Arang,
Sabari pa,
Dge ba'i 'byung gnas sbas pa,དགེ་བའི་འབྱུང་གནས་སྦས་པ
Rab dga'i lha,རབ་དགའི་ལྷ
Chos kyi nyi ma,ཆོས་ཀྱི་ཉི་མ
Ye shes dpal bshes gnyen (Jnyānashrīmitra),ཡེ་ཤེས་དཔལ་བཤེས་གཉེན
shānti pa,
Byang chub rdsu 'phrul,བྱང་ཆུབ་རྫུ་འཕྲུལ
Gnyis med rdo rje,གཉིས་མེད་རྡོ་རྗེ
Rdo rje dri bu,རྡོ་རྗེ་དྲི་བུ
Dgon pa ba,དགོན་པ་བ
(Blon po'i rigs) shin tu dga' ba'i paṇḍit,༼བློན་པོའི་རིགས༽ ཤིན་ཏུ་དགའ་བའི་པṇḍཨིཏ
Kumārabodhi,
Canaka,
Kusali pa           ,
Mi gyo seng ge,མི་གྱོ་སེང་གེ
Auḍyān du grub pa,ཨཽḍཡāན་དུ་གྲུབ་པ
Dge ba'i mgon po,དགེ་བའི་མགོན་པོ
Chos mchog (Dharmottara),ཆོས་མཆོག
Rnam par snang mdsad rdo rje,རྣམ་པར་སྣང་མཛད་རྡོ་རྗེ
Ḍombi heruka,
Zla ba grags pa(?),ཟླ་བ་གྲགས་པ༼?༽
shāntigarbha,
Lo paṇ mang po,
Masurakṣa,
ngag gi dbang phyug grags pa,ངག་གི་དབང་ཕྱུག་གྲགས་པ
Byang chub bzang po,བྱང་ཆུབ་བཟང་པོ
Pha gol (Vāgbhata),ཕ་གོལ
Mtha' yas lha,མཐའ་ཡས་ལྷ
Kangkana,
Skye med bde chen (N),སྐྱེ་མེད་བདེ་ཆེན ༼ན༽
Dpal gyi sde (N),དཔལ་གྱི་སྡེ ༼ན༽
Thams cad mkhyen pa'i bshes gnyen,ཐམས་ཅད་མཁྱེན་པའི་བཤེས་གཉེན
Rdo rje gsang ba,རྡོ་རྗེ་གསང་བ
shrīvajrakīrti,
Rdo rje sgeg pa,རྡོ་རྗེ་སྒེག་པ
Durgasingha,
Dpa' bo rdo rje,དཔའ་བོ་རྡོ་རྗེ
nyi ma sbas pa (K),ཉི་མ་སྦས་པ ༼ཀ༽
Seng ge bzang po,སེང་གེ་བཟང་པོ
Gnyis su med pa,གཉིས་སུ་མེད་པ
Zla ba'i 'od,ཟླ་བའི་འོད
[Nāgārjuna],
Ratnakīrti,
Balashrībhadra,
Padma dge bsnyen,པདྨ་དགེ་བསྙེན
Daṁṣṭrasena,དṁṣṭརསེན
Las kyi rdo rje,ལས་ཀྱི་རྡོ་རྗེ
Rgya ba can (Jina),རྒྱ་བ་ཅན
shākya blo,ཤྰཀྱ་བློ
Bgrod dka' seng ge,བགྲོད་དཀའ་སེང་གེ
'chi med seng ge (Amarasiṁha),འཆི་མེད་སེང་གེ
Nag po dam tshig rdo rje,ནག་པོ་དམ་ཚིག་རྡོ་རྗེ
Dmar po,དམར་པོ
Langka rgya ba bzang po,ལངཀ་རྒྱ་བ་བཟང་པོ
Nor rgyun ma,ནོར་རྒྱུན་མ
Las kyi shabs,ལས་ཀྱི་ཤབས
Lalita,
shūnyatāsamādhivajrapāda,
Padmavajra,
Dbyings kyi gtso mo,དབྱིངས་ཀྱི་གཙོ་མོ
Nikuni,
Seng ge mi gyo ba,སེང་གེ་མི་གྱོ་བ
Dul ba'i lha (Vinītadeva),དུལ་བའི་ལྷ
Chos skyob kyis bsdus po (法救集),ཆོས་སྐྱོབ་ཀྱིས་བསྡུས་པོ ༼法救集༽
Sku med rdo rje,སྐུ་མེད་རྡོ་རྗེ
Klu'i byang chub(?),ཀླུའི་བྱང་ཆུབ༼?༽
Klu sgrub snying po (Nāgārjunagarbha),ཀླུ་སྒྲུབ་སྙིང་པོ ༼ནāགāརྗུནགརབྷ༽
shangkarānanda,
Dha,
Bde ba'i my gu,བདེ་བའི་མྱུ་གུ
Thams cad mkhyen pa'i bshes gnyen,ཐམས་ཅད་མཁྱེན་པའི་བཤེས་གཉེན
Rdo rje dril bu pa,རྡོ་རྗེ་དྲིལ་བུ་པ
Vitakarma,
Candrākaragupta,
Yon tan 'od,ཡོན་ཏན་འོད
Jaitāri dgra las rnam par rgyal ba,ཇཻཏāརི་དགྲ་ལས་རྣམ་པར་རྒྱལ་བ
Dam pa rgya gar,དམ་པ་རྒྱ་གར
Ye shes snying po,ཡེ་ཤེས་སྙིང་པོ
Rnam par rgyal pa dbang po,རྣམ་པར་རྒྱལ་པ་དབང་པོ
Dge byed,དགེ་བྱེད
shrīshāntakra,
Sprul pa'i rnal 'byor pa,སྤྲུལ་པའི་རྣལ་འབྱོར་པ
Gang ba spel (Pūrṇavardhana),གང་བ་སྤེལ
Phyag na rdo rje,ཕྱག་ན་རྡོ་རྗེ
Byams pa,བྱམས་པ
Dbyig gi bshes gnyen,དབྱིག་གི་བཤེས་གཉེན
Sūryagupta,
shrīvanaratna,
Samantashrī,
Maṇivarja,
Nag mo khol,ནག་མོ་ཁོལ
shākyarakṣita,
Stong nyid ting nge 'dsin,སྟོང་ཉིད་ཏིང་ངེ་འཛིན
Dbyig gnyen或Chos skyong,དབྱིག་གཉེན ཆོས་སྐྱོང
Dri med bzang po,དྲི་མེད་བཟང་པོ
Brgya byin sdang po,བརྒྱ་བྱིན་སྡང་པོ
Rab 'byor dbyangs,རབ་འབྱོར་དབྱངས
shrījaganmitrānanda,
Varamati,
Blo gros chen po,བློ་གྲོས་ཆེན་པོ
Gnyis su med pa'i sbas pa,གཉིས་སུ་མེད་པའི་སྦས་པ
Ajitamitrayogin,
Sangs rygas shabs,སངས་རྒྱས་ཤབས
Se rtsa bsod nams rgyal mtshan (?),སེ་རྩ་བསོད་ནམས་རྒྱལ་མཚན ༼?༽
'phrog byed 'joms pa,འཕྲོག་བྱེད་འཇོམས་པ
Baliṁ,
nyin mor mdsad,ཉིན་མོར་མཛད
Stong nyid rdo rje,སྟོང་ཉིད་རྡོ་རྗེ
Mar me mdsad,མར་མེ་མཛད
Gnyis med rdo rje,གཉིས་མེད་རྡོ་རྗེ
Thagana,
nyi mas bsrungs pa,ཉི་མས་བསྲུངས་པ
Snang byed zla ba,སྣང་བྱེད་ཟླ་བ
Dga' ba'i rdo rje,དགའ་བའི་རྡོ་རྗེ
shrībuddhaguhya,
Sbyin pa'i dbang po (Dānendra),སྦྱིན་པའི་དབང་པོ
Rgyal ba maitri pa,རྒྱལ་བ་མཻཏྲི་པ
Mahāprajnyārakṣita,
nyin mor byed pa'i grags pa,ཉིན་མོར་བྱེད་པའི་གྲགས་པ
Lhas sbas,ལྷས་སྦས
Avadhūti pa,
Nag gi dbang phyug grags pa,ནག་གི་དབང་ཕྱུག་གྲགས་པ
Ātre(ya),
Sgra gcan 'dsin,སྒྲ་གཅན་འཛིན
Kumuta 'byung ba'i blo gros,ཀུམུཏ་འབྱུང་བའི་བློ་གྲོས
Rol pa'i rdo rje,རོལ་པའི་རྡོ་རྗེ
Maitri,
Rdsogs pa'i sangs rgyas,རྫོགས་པའི་སངས་རྒྱས
'dus bzang,འདུས་བཟང
Ghadhari,
Erapati,
Mi thub zla ba,མི་ཐུབ་ཟླ་བ
Gshan la phan pa bzang po (Parahita bhadra),གཤན་ལ་ཕན་པ་བཟང་པོ
Dran pa'i ye shes grags pa,དྲན་པའི་ཡེ་ཤེས་གྲགས་པ
Kamalarakṣita、Dīpaṁkarashrījnyāna,
Rigs gsum mgon po,རིགས་གསུམ་མགོན་པོ
Garbha ri pa,གརབྷ་རི་པ
Sangs rgyas,སངས་རྒྱས
Rdo rje bshad pa,རྡོ་རྗེ་བཤད་པ
Kongka byin,ཀོངཀ་བྱིན
Gshon nu grags pa,གཤོན་ནུ་གྲགས་པ
Padma 'byung gnas blo gros,པདྨ་འབྱུང་གནས་བློ་གྲོས
Chos ldan rab 'byor dbyangs (Dhār mikasubhūtighoṣa),ཆོས་ལྡན་རབ་འབྱོར་དབྱངས
Mu tig bum pa,མུ་ཏིག་བུམ་པ
Nag gi rin chen,ནག་གི་རིན་ཆེན
Rgyal ba kzang po,རྒྱལ་བ་ཀཟང་པོ
'jam dpal ye shes,འཇམ་དཔལ་ཡེ་ཤེས
Dpal 'dsin sde,དཔལ་འཛིན་སྡེ
Yon tan blo gros,ཡོན་ཏན་བློ་གྲོས
Munīndrabhadra,
'jigs byed lha,འཇིགས་བྱེད་ལྷ
Ma dpal mo,མ་དཔལ་མོ
Dpa' ba sbyin,དཔའ་བ་སྦྱིན
Sa'i rtsa lag (Pṛthivī bandhu mitra),སའི་རྩ་ལག
Sbyangs dka' zla ba,སྦྱངས་དཀའ་ཟླ་བ
Longs spyod rdo rje,ལོངས་སྤྱོད་རྡོ་རྗེ
mi pham bshes gnyen,མི་ཕམ་བཤེས་གཉེན
Durgasiṁha,
Jnyānashrī,
Dus 'khor shabs chen,དུས་འཁོར་ཤབས་ཆེན
Lakṣmī,
Zla ba grags pa (Candrakīrti),ཟླ་བ་གྲགས་པ
shākya srung ba,ཤྰཀྱ་སྲུང་བ
Nag po spyod pa,ནག་པོ་སྤྱོད་པ
Snying rje chen po,སྙིང་རྗེ་ཆེན་པོ
Dus 'khor shabs,དུས་འཁོར་ཤབས
Tripiṭakamala,
'jam pa'i rdo rje mnyes byas,འཇམ་པའི་རྡོ་རྗེ་མཉེས་བྱས
Surabhadra,
Rgyan bzang po,རྒྱན་བཟང་པོ
Thugs rje dpal,ཐུགས་རྗེ་དཔལ
Mtho btsun btso yags,མཐོ་བཙུན་བཙོ་ཡགས
Sgra gcan 'dsin bzang po (Rāhulabhadra),སྒྲ་གཅན་འཛིན་བཟང་པོ
Amoghavajra,
Shi ba 'tsho,ཞི་བ་འཚོ
Līlavajra,
Dārika pa,
Somashrī,
Rta dbyangs,རྟ་དབྱངས
Karma bstan pa'i nyin byed gtsug lag chos kyi snang ba,ཀརྨ་བསྟན་པའི་ཉིན་བྱེད་གཙུག་ལག་ཆོས་ཀྱི་སྣང་བ
Kamari,
Bhvabhadra,
Dāma pa,
Mchog rab snying po,མཆོག་རབ་སྙིང་པོ
Spyan ras gzigs brtul shugs (Avalokitavrata),སྤྱན་རས་གཟིགས་བརྟུལ་ཤུགས
Vīryacandra,
shūranggamavarma,
Dīpaṁkarashrījnyāna,
Acata,
Sujanabhadra,
nyin mdsad rdo rje,ཉིན་མཛད་རྡོ་རྗེ
Sāgara,
Rāhula,
Hūṁ mdsad rdo rje,ཧūṁ་མཛད་རྡོ་རྗེ
Ce khyi 'brug,ཅེ་ཁྱི་འབྲུག
Dge legs bshes gnyen (Kalyāṇamitra),དགེ་ལེགས་བཤེས་གཉེན
nyi ma'i dpal ye shes,ཉི་མའི་དཔལ་ཡེ་ཤེས
Sangs rgyas dpal ye shes,སངས་རྒྱས་དཔལ་ཡེ་ཤེས
shrīdhara,
Prabhākarakīrti,
Nor bzangs,ནོར་བཟངས
Bhade,
shes rab skyong,ཤེས་རབ་སྐྱོང
Shi ba 'tsho (shāntirakṣita),ཞི་བ་འཚོ ༼ཤāནཏིརཀṣཨིཏ༽
Kāyastha pa gayadhara,
Zla bzan grags pa,ཟླ་བཟན་གྲགས་པ
Yid bshin nor bu sbyin,ཡིད་བཤིན་ནོར་བུ་སྦྱིན
Lhan cig skyes pa'i rdo rje,ལྷན་ཅིག་སྐྱེས་པའི་རྡོ་རྗེ
Medhini,
Daṁṣṭrasena ?,
Mi thub zla ba,མི་ཐུབ་ཟླ་བ
Sutali,
Zla ba gang ba,ཟླ་བ་གང་བ
Abhayākaraguptapāda,
Kun tu bzang po,ཀུན་ཏུ་བཟང་པོ
Sangs rgyas ye shes,སངས་རྒྱས་ཡེ་ཤེས
Vikhyātadeva,
Dā byang chub sems dpa',དā་བྱང་ཆུབ་སེམས་དཔའ
Candragomi,
Vajrahruṁkara,
Maticitra,
Barbi pa,
Prajnyāshrī,
Dbu ma la dga' ba,དབུ་མ་ལ་དགའ་བ
Blo bzang snying po,བློ་བཟང་སྙིང་པོ
Klu'i byang chub,ཀླུའི་བྱང་ཆུབ
Prajnyārakṣita,
Zla ba'i bshes gnyen,ཟླ་བའི་བཤེས་གཉེན
Carapati,
Tshul khrims rgyal ba,ཚུལ་ཁྲིམས་རྒྱལ་བ
Buddhaguhya,
Chos ldan rab 'byor dbyangs,ཆོས་ལྡན་རབ་འབྱོར་དབྱངས
shāntideva,
Anu (Thon mi sambhoṭa),ཨནུ ༼ཐོན་མི་སམབྷོṭཨ༽
Shi ba lha (shāntideva),ཞི་བ་ལྷ
Kṛṣṇa paṇḍit,
Dri ma med pa'i lha,དྲི་མ་མེད་པའི་ལྷ
Indrabhūti chen po,ཨིནདྲབྷུཏི་ཆེན་པོ
Buddhashrījnyāna (K),
Saraha pa,སརཧ་པ
Rgyal ba'i sras,རྒྱལ་བའི་སྲས
Sangs rgyas byin,སངས་རྒྱས་བྱིན
Caryadi pa,
Āryadeva(?),
'od zer 'byung gnas grags pa,འོད་ཟེར་འབྱུང་གནས་གྲགས་པ
Dus shabs pa,དུས་ཤབས་པ
Chos ldan rab 'byor dbyangs,ཆོས་ལྡན་རབ་འབྱོར་དབྱངས
Rtag pa'i vajra,
Skal ldan grags pa,སྐལ་ལྡན་གྲགས་པ
'phags pa lha,འཕགས་པ་ལྷ
Shwa dmar cod pan 'dsin pa bshi pa,ཤྭ་དམར་ཅོད་པན་འཛིན་པ་བཤི་པ
Sarabhakha,
Rgyal bas byin,རྒྱལ་བས་བྱིན
Gnyis su med pa sbas pa,གཉིས་སུ་མེད་པ་སྦས་པ
ngo bo nyid med pa (Asvabhāva),ངོ་བོ་ཉིད་མེད་པ ༼ཨསབ༹བྷāབ༹༽
Ghoṣavajra,
Sgra gcan 'dsin dpal bshes gnyen,སྒྲ་གཅན་འཛིན་དཔལ་བཤེས་གཉེན
Jnyānavajra,
shes rab thar pa,ཤེས་རབ་ཐར་པ
Maudga gyi bu chen po,མཽདག་གྱི་བུ་ཆེན་པོ
Bhavabhadra,
Rdo rje dril bu,རྡོ་རྗེ་དྲིལ་བུ
Cilu pa,
Nali,
Mi pham bshes gnyen,མི་ཕམ་བཤེས་གཉེན
La ba pa (Kambala),ལ་བ་པ ༼ཀམབལ༽
Rin chen rdo rje dpal,རིན་ཆེན་རྡོ་རྗེ་དཔལ
Kṛṣṇa,
Sgrol ma can gyi sde,སྒྲོལ་མ་ཅན་གྱི་སྡེ
Ratnacandra,
shridhara,
'dul bas byin,འདུལ་བས་བྱིན
Mi'i dbang po grags pa,མིའི་དབང་པོ་གྲགས་པ
Āryashūra,
ngo ba nyid med pa,ངོ་བ་ཉིད་མེད་པ
shākyashrī bzang po (K),
Bha li pa (Vyāḍipāda),
Bde ba'i rgyal po (K),བདེ་བའི་རྒྱལ་པོ ༼ཀ༽
shrī bhadra,
Vina pa,
Karmavajra,
Kṣānti dpa' bo rdo rje,ཀṣāནཏི་དཔའ་བོ་རྡོ་རྗེ
Kun dpa' snying po,ཀུན་དཔའ་སྙིང་པོ
Dri med dpal bzang po,དྲི་མེད་དཔལ་བཟང་པོ
Klu'i blo,ཀླུའི་བློ
Mar me mdsad ye shes,མར་མེ་མཛད་ཡེ་ཤེས
Kamalarakṣita,
Lha dbang blo (Devendramati),ལྷ་དབང་བློ ༼དེབེ༹ནདྲམཏི༽
Dbyig gnyen,དབྱིག་གཉེན
Vimalashrī,
Dpa' bo (shūra),དཔའ་བོ 
Kerali pa,
Likari,
'jigs med 'byung gnas sbas pa,འཇིགས་མེད་འབྱུང་གནས་སྦས་པ
shrīmahājana,
Thub pa dpal bzang po,ཐུབ་པ་དཔལ་བཟང་པོ
Dbyig gnyen,དབྱིག་གཉེན
Kampala,
Sakya bshes gnyen,སཀྱ་བཤེས་གཉེན
shrī paṇḍit,
Thar pa'i 'byung gnas sbas pa,ཐར་པའི་འབྱུང་གནས་སྦས་པ
Jetari dgra las rnam par rgyal ba,ཇེཏརི་དགྲ་ལས་རྣམ་པར་རྒྱལ་བ
Mata,
kukurāja,
Rab 'byor zla ba (Subhūticandra),རབ་འབྱོར་ཟླ་བ
Sgeg pa'i rdo rje,སྒེག་པའི་རྡོ་རྗེ
Dpal brtsegs,དཔལ་བརྩེགས
Bhūri pa,
Muditakoṣa,
Kun sbyin,ཀུན་སྦྱིན
Sgra dbyangs bcu gcig pa,སྒྲ་དབྱངས་བཅུ་གཅིག་པ
Nap po spyod pa ba,ནཔ་པོ་སྤྱོད་པ་བ
indrabhūti,ཨིནདྲབྷུཏི
Indrabhūti 'bring po,ཨིནདྲབྷུཏི་འབྲིང་པོ
Dus shab pa chen po,དུས་ཤབ་པ་ཆེན་པོ
Dpal brtsegs、Nam mkha'i snying po等,དཔལ་བརྩེགས、ནམ་མཁའི་སྙིང་པོ
Niṣkalangka,
Mtsho skye rdo rje,མཚོ་སྐྱེ་རྡོ་རྗེ
Ye shes dpal bzang po,ཡེ་ཤེས་དཔལ་བཟང་པོ
Shi ba ye shes,ཞི་བ་ཡེ་ཤེས
Ba na ratna,བ་ན་རཏན
Grub pa thob pa bshi bcu,གྲུབ་པ་ཐོབ་པ་བཞི་བཅུ
kalyāṇamitra,
Yon tan bzang po,ཡོན་ཏན་བཟང་པོ
Mar me mdsad bzang po,མར་མེ་མཛད་བཟང་པོ
Nor 'dsin dpal,ནོར་འཛིན་དཔལ
Sumatikirti,
Gsal grags,གསལ་གྲགས
Dge ba'i dbang po,དགེ་བའི་དབང་པོ
Dpal gyi go cha,དཔལ་གྱི་གོ་ཆ
shākyashrī bzang po,
Lakṣmī (K),
Rdo rje my gu,རྡོ་རྗེ་མྱུ་གུ
Padma 'phel,པདྨ་འཕེལ
Kun tu bzang po,ཀུན་ཏུ་བཟང་པོ
Nāgabodhi,
Prajnyāpāvidhi,
Kumārashrī,
shūraṁgamavajra,
Bodhibhadra,
Acinti,
Dpa' bo rgyal po,དཔའ་བོ་རྒྱལ་པོ
Dad pa'i 'byung gnas go cha,དད་པའི་འབྱུང་གནས་གོ་ཆ
Stong nyid ting nge 'dsin rdo rje,སྟོང་ཉིད་ཏིང་ངེ་འཛིན་རྡོ་རྗེ
Thar ba'i 'byung gnas sbas pa,ཐར་བའི་འབྱུང་གནས་སྦས་པ
[Durgasiṁha],
Snang ba mtha' yas rdo rje,སྣང་བ་མཐའ་ཡས་རྡོ་རྗེ
Rin chen bzang po,རིན་ཆེན་བཟང་པོ
Rab tu dga' ba'i 'byung gnas go cha,རབ་ཏུ་དགའ་བའི་འབྱུང་གནས་གོ་ཆ
Nag,ནག
Saraha,སརཧ
Rdo rje rnon po,རྡོ་རྗེ་རྣོན་པོ
ngag gi dbang phyug grags pa,ངག་གི་དབང་ཕྱུག་གྲགས་པ
Dus 'khor shabs,དུས་འཁོར་ཤབས
Ashokashrī,
Sangs rgyal gsang ba,སངས་རྒྱལ་གསང་བ
Mar me mdsad ye shes (Dīpaṁkarajnyāna),མར་མེ་མཛད་ཡེ་ཤེས 
Jnyānabodhi,
Ye shes kyi mkha' 'gro ma grub pa'i rgyal mo,ཡེ་ཤེས་ཀྱི་མཁའ་འགྲོ་མ་གྲུབ་པའི་རྒྱལ་མོ
Nor sbyin,ནོར་སྦྱིན
Padma rdo rje lcags kyu,པདྨ་རྡོ་རྗེ་ལྕགས་ཀྱུ
Byams pa mgon po,བྱམས་པ་མགོན་པོ
Rdo rje myu gu,རྡོ་རྗེ་མྱུ་གུ
Legs par grags pa,ལེགས་པར་གྲགས་པ
Vimalamitra,
Chos kyi grags pa dpal,ཆོས་ཀྱི་གྲགས་པ་དཔལ
shrī anupamarakṣita,
Mi phan bshes gnyen,མི་ཕན་བཤེས་གཉེན
Āryamati,
Dha'uri pa,
Ye shes rdo rje,ཡེ་ཤེས་རྡོ་རྗེ
Sna tshogs dmar po,སྣ་ཚོགས་དམར་པོ
Dpal gyi blo gros ma,དཔལ་གྱི་བློ་གྲོས་མ
Tanti pa,
Rab 'jigs rdo rje,རབ་འཇིགས་རྡོ་རྗེ
Maticitra、Phyogs kyi glang po,ཕྱོགས་ཀྱི་གླང་པོ
nyi ma grub,ཉི་མ་གྲུབ
Brtson 'grus dpal bshes gnyen,བརྩོན་འགྲུས་དཔལ་བཤེས་གཉེན
'phags ma sgrol ma,འཕགས་མ་སྒྲོལ་མ
Dgra las rgyal,དགྲ་ལས་རྒྱལ
Padma dkar po,པདྨ་དཀར་པོ
Rgyal po'i lha,རྒྱལ་པོའི་ལྷ
Ratnashrī,
Lwa ba pa,ལྭ་བ་པ
Jinamitra (?),ཇིནམིཏྲ ༼?༽
'jigs med 'byung gnas sbas pa,འཇིགས་མེད་འབྱུང་གནས་སྦས་པ
'jam dpal bshes gnyen,འཇམ་དཔལ་བཤེས་གཉེན
Kira pa,
Jagadānandajīvabhadra,
Darpaṇācārya,
Kṛṣṇa pa chen po,
Avadhūti、Gshon nu zla ba,གཤོན་ནུ་ཟླ་བ
Nirvāṇarakṣita,
Rol pa'i sbas pa,རོལ་པའི་སྦས་པ
Tog tse pa,ཏོག་ཙེ་པ
Indrabhūti,
Brtson 'gros bzang po,བརྩོན་འགྲོས་བཟང་པོ
Don yod 'char,དོན་ཡོད་འཆར
Sa 'tsho byin,ས་འཚོ་བྱིན
Dge 'dum sbyin gyi sras,དགེ་འདུམ་སྦྱིན་གྱི་སྲས
Bhavaskandha,
Mar me mdsad ye shes,མར་མེ་མཛད་ཡེ་ཤེས
Virūpa,
Jalandha ri pa,
Kamapala,
Las kyi rgyal po,ལས་ཀྱི་རྒྱལ་པོ
Bhgu paṇḍit,
Bhavaskandasya,
Nag po spyod pa ba,ནག་པོ་སྤྱོད་པ་བ
Yan lag med pa'i rdo rje,ཡན་ལག་མེད་པའི་རྡོ་རྗེ
Sangs rgyas gsang ba,སངས་རྒྱས་གསང་བ
Sa 'tsho sbyin,ས་འཚོ་སྦྱིན
Bhava pa,
Vajrālala,
shākyashrī,
Dgongs ba rab gsal,དགོངས་བ་རབ་གསལ
Vajracandragomin,
Bhavya,
Abhisangkata,
shuddhiprabha,
Sgra gcan gsang ba,སྒྲ་གཅན་གསང་བ
shūraṁgamavarmavajra,
Gshan la phan po'i dbayngs dgon pa,གཤན་ལ་ཕན་པོའི་དབཡངས་དགོན་པ
Wen tshegs (圓測),ཝེན་ཚེགས ༼圓測༽
Jayānanda (K),
Jetāri,
Kumārashrībhadra,
Sthiramati,
Dga' rab rdo rje(?),དགའ་རབ་རྡོ་རྗེ༼?༽
Mchog rab,མཆོག་རབ
Spyan ras gzigs,སྤྱན་རས་གཟིགས
Maitra,
Snying po,སྙིང་པོ
Gsung gi dbang phyug grags pa,གསུང་གི་དབང་ཕྱུག་གྲགས་པ
Ḍhangkadāsha,
Dga' ba'i grags pa,དགའ་བའི་གྲགས་པ
Klu sgrub(?),ཀླུ་སྒྲུབ༼?༽
Dril bu pa,དྲིལ་བུ་པ
Klu sgrub snying po,ཀླུ་སྒྲུབ་སྙིང་པོ
Gnyis su med pa'i rdo rje,གཉིས་སུ་མེད་པའི་རྡོ་རྗེ
Jālandhara pa,
Dgra las rgyas ba gsang ba,དགྲ་ལས་རྒྱས་བ་གསང་བ
Prajnyābhadra,
Sa ga'i lha (Vishākhadeva),ས་གའི་ལྷ
'jam dpal rgyal po grags,འཇམ་དཔལ་རྒྱལ་པོ་གྲགས
Sucandrabhadra,
Samudra,
Shi a 'tsho,ཤི་ཨ་འཚོ
Sukhitavajra,
shāntagarbha,
Vairocana、Dar ma blo gros,དར་མ་བློ་གྲོས
Don yod pa,དོན་ཡོད་པ
Rdo rje gdan pa,རྡོ་རྗེ་གདན་པ
shrībhadra,
Vairocanarakṣita,
Mahi pa,
shrīharṣadeva,
Phyogs kyi glang po,ཕྱོགས་ཀྱི་གླང་པོ
Dga' ba skyong,དགའ་བ་སྐྱོང
shes rab 'byung gnas sbas ba,ཤེས་རབ་འབྱུང་གནས་སྦས་བ
Durjayacandra,
Dānashīla,
shākya'i blo,ཤཀྱའི་བློ
Klu'i bshes gnyen,ཀླུའི་བཤེས་གཉེན
Dpal sbyin,དཔལ་སྦྱིན
Lcam lakṣmīkara,
Dam tshig rdo rje,དམ་ཚིག་རྡོ་རྗེ
Manaho,
shākyashrībhadra (K),
Padapāṇi,
'bum phrag gsum pa,འབུམ་ཕྲག་གསུམ་པ
Ghandha,
Subhāṣakīrti,
Byang chub snying po,བྱང་ཆུབ་སྙིང་པོ
Bhoṭa paṇḍit、Grags pa rgyal mtshan,གྲགས་པ་རྒྱལ་མཚན
Dharmapāla,
Sajjana chen po,
Dīpaṁkarasrījnyāna,
Mahāmati,
Miticitra,
Candrahari pa,
Dpa' bo 'od gsal,དཔའ་བོ་འོད་གསལ
Yin bshin nor bu'i rgyal po,ཡིན་བཤིན་ནོར་བུའི་རྒྱལ་པོ
Bzang po,བཟང་པོ
Alaṁkakalasha,
Jnyānākara,
Byang chub snyin po,བྱང་ཆུབ་སྙིན་པོ
shes rab gsang ba,ཤེས་རབ་གསང་བ
shākya 'od (shākyaprabha),ཤཀྱ་འོད
Thub dka' zla ba,ཐུབ་དཀའ་ཟླ་བ
Obhyayākaragupta,
Vasubandu ,
Avadhūti,
Chos kyi 'byung gnas blo gros,ཆོས་ཀྱི་འབྱུང་གནས་བློ་གྲོས
Seng ge shabs 'bring pa,སེང་གེ་ཤབས་འབྲིང་པ
Bzang po sbyin pa,བཟང་པོ་སྦྱིན་པ
Sangr rgyas ye shes,སངར་རྒྱས་ཡེ་ཤེས
Dpe med bsrung ba,དཔེ་མེད་བསྲུང་བ
Klu sgrub、'gro bzang snying po,ཀླུ་སྒྲུབ、འགྲོ་བཟང་སྙིང་པོ
Dhyig gnyen,དྷྱིག་གཉེན
Phyogs kyi glaṁ po,ཕྱོགས་ཀྱི་གླང་པོ
Kṛṣṇa pa,
Vimalagarbha,
shrijaganmitrānanda,
Kāyasthacaṁkadāsa,
Mar me mdsad bzang po,མར་མེ་མཛད་བཟང་པོ
Rdo rje mkha' 'gro ma,རྡོ་རྗེ་མཁའ་འགྲོ་མ
shri avadhūti pa,
Rnyog med rdo rje,རྙོག་མེད་རྡོ་རྗེ
Nag kyi rin chen,ནག་ཀྱི་རིན་ཆེན
Rdo rje go cha,རྡོ་རྗེ་གོ་ཆ
Sūrakalasha,
Kumārakalasha,
Manapuruṣa,
Nag po pa,ནག་པོ་པ
Dpal ye shes,དཔལ་ཡེ་ཤེས
Dhamadhuma,
Viūpa,
Brtse ba can,བརྩེ་བ་ཅན
shes rab 'byung gnas blo gros,ཤེས་རབ་འབྱུང་གནས་བློ་གྲོས
Jabari pa,
Rnam grol sde,རྣམ་གྲོལ་སྡེ
Jetari dgra las rnam par rgyal ba,ཇེཏརི་དགྲ་ལས་རྣམ་པར་རྒྱལ་བ
Alalavajra,
Mi pham zla ba,མི་ཕམ་ཟླ་བ
shes rab 'byung gnas sbas pa,ཤེས་རབ་འབྱུང་གནས་སྦས་པ
Rgyal ba'i 'od,རྒྱལ་བའི་འོད
Carvati,
Sarvadhara,
Stobs bcu dpal bshes gnyen,སྟོབས་བཅུ་དཔལ་བཤེས་གཉེན
shrīmitrānanda,
Bharendraruci,
Chos skyong (Dharmapāla),ཆོས་སྐྱོང
Spyan ras gzigs dbang phyug,སྤྱན་རས་གཟིགས་དབང་ཕྱུག
Sugatashrī,
Stong pa nyid ting nge 'dsin gyi rdo rje,སྟོང་པ་ཉིད་ཏིང་ངེ་འཛིན་གྱི་རྡོ་རྗེ
Rdo rje'i blo,རྡོ་རྗེའི་བློ
Hruṁ,
Dpal dbyangs,དཔལ་དབྱངས
Sumatikīrti,
Nag gi dbang phyug grags pa,ནག་གི་དབང་ཕྱུག་གྲགས་པ
Anupamarakṣita,
Mya ngan med pa'i dpal,མྱ་ངན་མེད་པའི་དཔལ
Rin chen grags pa,རིན་ཆེན་གྲགས་པ
Herukadeva,
shūranggavajra,
Sunayashrī,
Rab tu shi ba'i bshes gnyen,རབ་ཏུ་ཞི་བའི་བཤེས་གཉེན
Padma'i lcags kyu,པདྨའི་ལྕགས་ཀྱུ
De bshin gshegs pa'i rdo rje,དེ་བཤིན་གཤེགས་པའི་རྡོ་རྗེ
shabari pa,
Ānandavajra,
nyi mo'i 'byung gnas zla ba,ཉི་མོའི་འབྱུང་གནས་ཟླ་བ
Mi bskyod rdo rje,མི་བསྐྱོད་རྡོ་རྗེ
Āryadeva,
Ye shes byin,ཡེ་ཤེས་བྱིན
Mtsho skyes,མཚོ་སྐྱེས
Sgeg pa rdo rje,སྒེག་པ་རྡོ་རྗེ
Mkha' 'gro ma rdo rje gdan ma,མཁའ་འགྲོ་མ་རྡོ་རྗེ་གདན་མ
Dpe med rdo rje,དཔེ་མེད་རྡོ་རྗེ
Zla ba'i snying po,ཟླ་བའི་སྙིང་པོ
Panaha,
Dam tshig bsrung ba,དམ་ཚིག་བསྲུང་བ
Cata pa,
Mi bskyod pa,མི་བསྐྱོད་པ
Phur bu,ཕུར་བུ
Chos kyi bshes gnyen,ཆོས་ཀྱི་བཤེས་གཉེན
shes rab dpal gsang ba,ཤེས་རབ་དཔལ་གསང་བ
ngang tshul bzang po (shīlabhadra),ངང་ཚུལ་བཟང་པོ 
Rnal 'byor pa,རྣལ་འབྱོར་པ
Grags sbyin ma,གྲགས་སྦྱིན་མ
shrīgupta,
Mi bskyod rdo rje,མི་བསྐྱོད་རྡོ་རྗེ
Rgyal ba bzang po,རྒྱལ་བ་བཟང་པོ
Dkon mchog gsum gyi 'bangs,དཀོན་མཆོག་གསུམ་གྱི་འབངས
Bhavyakīrti,
Tilaka,
Dngul gyi bum pa (K),དངུལ་གྱི་བུམ་པ
